"country","countryName","censusPopulation","censusPopulationYear","estimatePopulation","estimatePopulationYear","totalPopulation","populationDensityKm","governmentType","yearsExisted","conflictCount"
"http://dbpedia.org/resource/Afghanistan","Afghanistan",19329841,139876331091115,38346720,2022,38346720,48.08,"http://dbpedia.org/resource/Unitary_state",-1,185
"http://dbpedia.org/resource/Afghanistan","Afghanistan",19329841,139876331091115,38346720,2022,38346720,48.08,"http://dbpedia.org/resource/Unitary_state",-1,1
"http://dbpedia.org/resource/Albania","Albania",2821977,139876331009238,2793592,"January 2022",2793592,97.0,"http://dbpedia.org/resource/Unitary_parliamentary_republic",-1,21
"http://dbpedia.org/resource/Albania","Albania",2821977,139876331009238,2793592,"January 2022",2793592,97.0,"http://dbpedia.org/resource/Unitary_parliamentary_republic",-1,19
"http://dbpedia.org/resource/Algeria","Algeria",73750932,139876331091109,44700000,2021,44700000,17.7,"http://dbpedia.org/resource/Unitary_state",-1,32
"http://dbpedia.org/resource/Algeria","Algeria",73750932,139876331091109,44700000,2021,44700000,17.7,"http://dbpedia.org/resource/Unitary_state",-1,13
"http://dbpedia.org/resource/Andorra","Andorra",,139876331091106,77543,2020,77543,179.8,"http://dbpedia.org/resource/Unitary_state",-1,0
"http://dbpedia.org/resource/Andorra","Andorra",1237091,139876331091105,77543,2020,77543,179.8,"http://dbpedia.org/resource/Constitutional_monarchy",-1,0
"http://dbpedia.org/resource/Angola","Angola",25789024,2014,34795287,2022,34795287,24.97,"http://dbpedia.org/resource/Unitary_state",14,21
"http://dbpedia.org/resource/Argentina","Argentina",47327407,2022,9459440,,19038098,14.4,"http://dbpedia.org/resource/Federal_republic",-1,48
"http://dbpedia.org/resource/Armenia","Armenia",38036118,139876331091113,3000756,2022,3000756,101.5,"http://dbpedia.org/resource/Unitary_parliamentary_republic",29,2
"http://dbpedia.org/resource/Armenia","Armenia",38036118,139876331091113,3000756,2022,3000756,101.5,"http://dbpedia.org/resource/Unitary_parliamentary_republic",29,22
"http://dbpedia.org/resource/Aruba","Aruba",,139876331091107,116576,2019-01-01,,624.0,,-1,1
"http://dbpedia.org/resource/Australia","Australia",25890773,2021,,,,,"http://dbpedia.org/resource/Federalism",-1,7
"http://dbpedia.org/resource/Austria","Austria",100209,139876331091106,9027999,"April 2022",9027999,107.6,"http://dbpedia.org/resource/Federal_republic",-1,29
"http://dbpedia.org/resource/Azerbaijan","Azerbaijan",,139876331091112,10353296,2022,10353296,117.0,"http://dbpedia.org/resource/Unitary_state",-1,1
"http://dbpedia.org/resource/Azerbaijan","Azerbaijan",2113077,139876331091112,10353296,2022,10353296,117.0,"http://dbpedia.org/resource/Unitary_state",-1,22
"http://dbpedia.org/resource/Bahrain","Bahrain",1501635,2020,,,,1912.7,"http://dbpedia.org/resource/Unitary_state",-1,8
"http://dbpedia.org/resource/Barbados","Barbados",277821,139876331009228,287025,2019,287025,660.0,"http://dbpedia.org/resource/Unitary_state",-1,3
"http://dbpedia.org/resource/Belarus","Belarus",,,9413505,2022,9413505,45.8,"http://dbpedia.org/resource/Unitary_state",30,15
"http://dbpedia.org/resource/Belarus","Belarus",48457102,,9413505,2022,9413505,45.8,"http://dbpedia.org/resource/Unitary_state",30,20
"http://dbpedia.org/resource/Belgium","Belgium",1183643,139876331091105,11584008,2022,11584008,376.0,"http://dbpedia.org/resource/Federalism",-1,50
"http://dbpedia.org/resource/Belgium","Belgium",417256,139876331091104,11584008,2022,11584008,376.0,"http://dbpedia.org/resource/Constitutional_monarchy",-1,62
"http://dbpedia.org/resource/Belgium","Belgium",1183643,139876331091105,11584008,2022,11584008,376.0,"http://dbpedia.org/resource/Federalism",-1,62
"http://dbpedia.org/resource/Belgium","Belgium",417256,139876331091104,11584008,2022,11584008,376.0,"http://dbpedia.org/resource/Constitutional_monarchy",-1,50
"http://dbpedia.org/resource/Benin","Benin",,139876331091105,13754688,2022,13754688,94.8,"http://dbpedia.org/resource/Unitary_state",-1,1
"http://dbpedia.org/resource/Benin","Benin",36991981,139876331091105,13754688,2022,13754688,94.8,"http://dbpedia.org/resource/Unitary_state",-1,1
"http://dbpedia.org/resource/Bhutan","Bhutan",727145,2022,13754688,,29321637,19.3,"http://dbpedia.org/resource/Unitary_state",-1,3
"http://dbpedia.org/resource/Bolivia","Bolivia",,,12054379,2022,12054379,10.4,"http://dbpedia.org/resource/Unitary_state",15,6
"http://dbpedia.org/resource/Bolivia","Bolivia",96208984,,12054379,2022,12054379,10.4,"http://dbpedia.org/resource/Unitary_state",15,24
"http://dbpedia.org/resource/Botswana","Botswana",2346179,139876331091119,2384246,2022,2384246,4.1,"http://dbpedia.org/resource/Unitary_state",-1,1
"http://dbpedia.org/resource/Botswana","Botswana",2346179,139876331091119,2384246,2022,2384246,4.1,"http://dbpedia.org/resource/Unitary_state",-1,2
"http://dbpedia.org/resource/Brazil","Brazil",63182178,139876331091104,217240060,2022,217240060,25.0,"http://dbpedia.org/resource/Federalism",36,33
"http://dbpedia.org/resource/Brazil","Brazil",63182178,139876331091104,217240060,2022,217240060,25.0,"http://dbpedia.org/resource/Federalism",36,13
"http://dbpedia.org/resource/Brunei","Brunei",417256,2016,460345,2020,460345,72.11,"http://dbpedia.org/resource/Unitary_state",-1,2
"http://dbpedia.org/resource/Bulgaria","Bulgaria",8053574,,6520314,2021,6520314,63.0,"http://dbpedia.org/resource/Unitary_parliamentary_republic",34,20
"http://dbpedia.org/resource/Bulgaria","Bulgaria",8053574,,6520314,2021,6520314,63.0,"http://dbpedia.org/resource/Unitary_parliamentary_republic",34,24
"http://dbpedia.org/resource/Burkina_Faso","Burkina_Faso",20505155,139876331009233,21935389,2022,21935389,64.0,"http://dbpedia.org/resource/Unitary_state",-1,9
"http://dbpedia.org/resource/Burkina_Faso","Burkina_Faso",20505155,139876331009233,21935389,2022,21935389,64.0,"http://dbpedia.org/resource/Unitary_state",-1,4
"http://dbpedia.org/resource/Burundi","Burundi",8053574,2008,11865821,2020,11865821,401.6,"http://dbpedia.org/resource/Unitary_state",6,4
"http://dbpedia.org/resource/Cambodia","Cambodia",48457102,,16713015,2022,16713015,87.0,"http://dbpedia.org/resource/Unitary_state",31,11
"http://dbpedia.org/resource/Cambodia","Cambodia",48457102,,16713015,2022,16713015,87.0,"http://dbpedia.org/resource/Unitary_state",31,22
"http://dbpedia.org/resource/Cameroon","Cameroon",36991981,139876331091104,29321637,2022,29321637,39.7,"http://dbpedia.org/resource/Unitary_state",-1,6
"http://dbpedia.org/resource/Canada","Canada",36991981,139876331091109,38929902,"Q3 2022",38929902,4.2,"http://dbpedia.org/resource/Constitutional_monarchy",-1,11
"http://dbpedia.org/resource/Canada","Canada",36991981,139876331091104,38929902,"Q3 2022",38929902,4.2,"http://dbpedia.org/resource/Federalism",-1,1
"http://dbpedia.org/resource/Canada","Canada",36991981,139876331091109,38929902,"Q3 2022",38929902,4.2,"http://dbpedia.org/resource/Constitutional_monarchy",-1,1
"http://dbpedia.org/resource/Canada","Canada",36991981,139876331091104,38929902,"Q3 2022",38929902,4.2,"http://dbpedia.org/resource/Federalism",-1,11
"http://dbpedia.org/resource/Cape_Verde","Cape_Verde",561901,2021,29321637,,16713015,123.7,"http://dbpedia.org/resource/Unitary_state",-1,2
"http://dbpedia.org/resource/Central_African_Republic","Central_African_Republic",5670688,139876331091113,5454533,2022,5454533,7.1,"http://dbpedia.org/resource/Unitary_state",-1,2
"http://dbpedia.org/resource/Central_African_Republic","Central_African_Republic",5670688,139876331091113,5454533,2022,5454533,7.1,"http://dbpedia.org/resource/Unitary_state",-1,17
"http://dbpedia.org/resource/Chile","Chile",17574003,2017,18430408,2022,18430408,24.0,"http://dbpedia.org/resource/Unitary_state",44,34
"http://dbpedia.org/resource/Colombia","Colombia",25789024,,52156254,2022,52156254,42.23,"http://dbpedia.org/resource/Unitary_state",33,19
"http://dbpedia.org/resource/Colombia","Colombia",25789024,,52156254,2022,52156254,42.23,"http://dbpedia.org/resource/Unitary_state",33,7
"http://dbpedia.org/resource/Comoros","Comoros",,139876331091104,850886,2019,850886,457.0,"http://dbpedia.org/resource/Federal_state",15,2
"http://dbpedia.org/resource/Costa_Rica","Costa_Rica",1210854977,139876331091104,5204411,2022,5204411,39.7,"http://dbpedia.org/resource/Unitary_state",-1,6
"http://dbpedia.org/resource/Croatia","Croatia",3871833,139876331009173,11584008,,9749763,68.40000000000001,"http://dbpedia.org/resource/Unitary_parliamentary_republic",-1,45
"http://dbpedia.org/resource/Curaçao","Curaçao",2142249,139876331091106,155000,2021,5546307,349.13,,-1,2
"http://dbpedia.org/resource/Cyprus","Cyprus",838897,2011,8692606,,41167336,123.4,"http://dbpedia.org/resource/Unitary_state",-1,27
"http://dbpedia.org/resource/Czech_Republic","Czech_Republic",10524167,139876331009243,10516707,2022,10516707,133.0,"http://dbpedia.org/resource/Unitary_state",-1,14
"http://dbpedia.org/resource/Czech_Republic","Czech_Republic",10524167,139876331009243,10516707,2022,10516707,133.0,"http://dbpedia.org/resource/Unitary_state",-1,1
"http://dbpedia.org/resource/Democratic_Republic_of_the_Congo","Democratic_Republic_of_the_Congo",3713804,,108407721,2022,108407721,46.3,"http://dbpedia.org/resource/Unitary_system",18,20
"http://dbpedia.org/resource/Democratic_Republic_of_the_Congo","Democratic_Republic_of_the_Congo",3713804,,108407721,2022,108407721,46.3,"http://dbpedia.org/resource/Unitary_system",18,3
"http://dbpedia.org/resource/Denmark","Denmark",561901,139876331091104,5928364,"M10 2022",38929902,138.05,,-1,6
"http://dbpedia.org/resource/Denmark","Denmark",561901,139876331091104,5928364,"M10 2022",38929902,138.05,,-1,35
"http://dbpedia.org/resource/Djibouti","Djibouti",0,,957273,2022,957273,37.2,"http://dbpedia.org/resource/Unitary_state",32,5
"http://dbpedia.org/resource/Dominica","Dominica",72000,2011,5546307,,184961,105.0,"http://dbpedia.org/resource/Unitary_state",46,3
"http://dbpedia.org/resource/Dominican_Republic","Dominican_Republic",9445281,2010,10694700,2022,10694700,220.0,"http://dbpedia.org/resource/Unitary_State",-1,14
"http://dbpedia.org/resource/Dominican_Republic","Dominican_Republic",9445281,2010,10694700,2022,10694700,220.0,"http://dbpedia.org/resource/Unitary_State",-1,18
"http://dbpedia.org/resource/East_Timor","East_Timor",1183643,2015,1340513,2021,1340513,78.0,"http://dbpedia.org/resource/Unitary_state",-1,9
"http://dbpedia.org/resource/Ecuador","Ecuador",18048628,2022,17289554,2022,17289554,69.0,"http://dbpedia.org/resource/Unitary_state",16,15
"http://dbpedia.org/resource/Equatorial_Guinea","Equatorial_Guinea",727145,139876331091105,1679172,2022,1679172,4.2,"http://dbpedia.org/resource/Unitary_state",-1,2
"http://dbpedia.org/resource/Estonia","Estonia",1331824,2021,1331796,2022,1331796,30.6,"http://dbpedia.org/resource/Unitary_parliamentary_republic",104,53
"http://dbpedia.org/resource/Ethiopia","Ethiopia",73750932,2007,113656596,2022,113656596,92.7,"http://dbpedia.org/resource/Federal_parliamentary_republic",29,48
"http://dbpedia.org/resource/Federated_States_of_Micronesia","Federated_States_of_Micronesia",272459,139876331091104,104468,2019,104468,158.1,"http://dbpedia.org/resource/Federation",-1,0
"http://dbpedia.org/resource/Fiji","Fiji",884887,139876331009248,926276,2018,926276,46.4,"http://dbpedia.org/resource/Unitary_parliamentary_republic",-1,5
"http://dbpedia.org/resource/Fiji","Fiji",884887,139876331009248,926276,2018,926276,46.4,"http://dbpedia.org/resource/Unitary_parliamentary_republic",-1,3
"http://dbpedia.org/resource/Finland","Finland",838897,139876331091110,5553000,2022,5553000,16.4,"http://dbpedia.org/resource/Unitary_parliamentary_republic",-1,9
"http://dbpedia.org/resource/Finland","Finland",838897,139876331091110,5553000,2022,5553000,16.4,"http://dbpedia.org/resource/Unitary_parliamentary_republic",-1,62
"http://dbpedia.org/resource/France","France",73750932,139876331091109,67897000,"July 2022",67897000,121.0,"http://dbpedia.org/resource/Unitary_state",66,292
"http://dbpedia.org/resource/France","France",73750932,139876331091109,67897000,"July 2022",67897000,121.0,"http://dbpedia.org/resource/Unitary_state",66,2
"http://dbpedia.org/resource/Gabon","Gabon",51770560,139876331091107,2340613,2022,2340613,7.9,"http://dbpedia.org/resource/Unitary_state",-1,1
"http://dbpedia.org/resource/Gabon","Gabon",51770560,139876331091107,2340613,2022,2340613,7.9,"http://dbpedia.org/resource/Unitary_state",-1,2
"http://dbpedia.org/resource/Georgia_(country)","Georgia_(country)",3713804,2014,3688647,2022,36886474012104,57.6,"http://dbpedia.org/resource/Unitary_state",29,32
"http://dbpedia.org/resource/Georgia_(country)","Georgia_(country)",3713804,2014,4012104,2022,36886474012104,57.6,"http://dbpedia.org/resource/Unitary_state",29,32
"http://dbpedia.org/resource/Germany","Germany",18048628,139876331091105,83695430,2022,83695430,232.0,"http://dbpedia.org/resource/Federal_parliamentary_republic",-1,153
"http://dbpedia.org/resource/Ghana","Ghana",30792608,2021,32103042,2022,32103042,101.5,"http://dbpedia.org/resource/Unitary_state",-1,7
"http://dbpedia.org/resource/Greece","Greece",10432481,2021,2835988,,13754688,79.09999999999999,"http://dbpedia.org/resource/Unitary_parliamentary_republic",49,112
"http://dbpedia.org/resource/Grenada","Grenada",561901,139876331091104,29321637,,9282410,318.58,"http://dbpedia.org/resource/Unitary_state",-1,4
"http://dbpedia.org/resource/Guatemala","Guatemala",0,,17703190,2022,17703190,129.0,"http://dbpedia.org/resource/Unitary_state",39,2
"http://dbpedia.org/resource/Guatemala","Guatemala",0,,17703190,2022,17703190,129.0,"http://dbpedia.org/resource/Unitary_state",39,14
"http://dbpedia.org/resource/Guinea-Bissau","Guinea-Bissau",20505155,139876331091117,2026778,2022,2026778,46.9,"http://dbpedia.org/resource/Unitary_state",-1,5
"http://dbpedia.org/resource/Guinea-Bissau","Guinea-Bissau",20505155,139876331091117,2026778,2022,2026778,46.9,"http://dbpedia.org/resource/Unitary_state",-1,2
"http://dbpedia.org/resource/Guyana","Guyana",,139876331091110,795408,2022,795408,3.502,"http://dbpedia.org/resource/Unitary_state",44,1
"http://dbpedia.org/resource/Guyana","Guyana",838897,139876331091110,795408,2022,795408,3.502,"http://dbpedia.org/resource/Unitary_state",44,1
"http://dbpedia.org/resource/Haiti","Haiti",29389150,139876331091111,11334637,2022,11334637,382.0,"http://dbpedia.org/resource/Unitary_state",37,15
"http://dbpedia.org/resource/Haiti","Haiti",29389150,139876331091111,11334637,2022,11334637,382.0,"http://dbpedia.org/resource/Unitary_state",37,8
"http://dbpedia.org/resource/Honduras","Honduras",20121641,139876331091104,9459440,2022,9459440,85.0,"http://dbpedia.org/resource/Unitary_state",-1,15
"http://dbpedia.org/resource/Hungary","Hungary",9445281,139876331091106,9749763,2020,9749763,9769526.0,"http://dbpedia.org/resource/Unitary_parliamentary_republic",-1,1
"http://dbpedia.org/resource/Hungary","Hungary",,139876331091106,9749763,2020,9749763,9769526.0,"http://dbpedia.org/resource/Unitary_parliamentary_republic",-1,22
"http://dbpedia.org/resource/Iceland","Iceland",359122,139876331009273,376248,2022,376248,3.66,"http://dbpedia.org/resource/Unitary_parliamentary_republic",-1,4
"http://dbpedia.org/resource/India","India",1210854977,2011,1375586000,2022,1375586000,176.0,"http://dbpedia.org/resource/Federalism",-1,107
"http://dbpedia.org/resource/Indonesia","Indonesia",270203917,139876331009278,275773800,"Q2 2022",275773800,143.0,"http://dbpedia.org/resource/Unitary_state",-1,1
"http://dbpedia.org/resource/Indonesia","Indonesia",270203917,139876331009278,275773800,"Q2 2022",275773800,143.0,"http://dbpedia.org/resource/Unitary_state",-1,28
"http://dbpedia.org/resource/Iran","Iran",109035343,139876331091112,86758304,2022,86758304,48.0,"http://dbpedia.org/resource/Unitary_state",45,61
"http://dbpedia.org/resource/Iran","Iran",109035343,139876331091112,86758304,2022,86758304,48.0,"http://dbpedia.org/resource/Unitary_state",45,7
"http://dbpedia.org/resource/Iraq","Iraq",0,,40462701,2022,40462701,82.7,"http://dbpedia.org/resource/Federal_parliamentary_republic",19,278
"http://dbpedia.org/resource/Israel","Israel",7412200,2008,,,57526449,,"http://dbpedia.org/resource/Unitary_parliamentary_republic",-1,42
"http://dbpedia.org/resource/Italy","Italy",51770560,139876331091107,61095551,2022,61095551,201.3,"http://dbpedia.org/resource/Unitary_parliamentary_republic",76,255
"http://dbpedia.org/resource/Ivory_Coast","Ivory_Coast",29389150,2021,47958856,,3407213,91.09999999999999,"http://dbpedia.org/resource/Unitary_state",-1,7
"http://dbpedia.org/resource/Jamaica","Jamaica",,139876331091118,2818596,2022,2818596,266.0,"http://dbpedia.org/resource/Constitutional_monarchy",-1,3
"http://dbpedia.org/resource/Jamaica","Jamaica",10524167,139876331091119,2818596,2022,2818596,266.0,"http://dbpedia.org/resource/Unitary_state",-1,3
"http://dbpedia.org/resource/Jamaica","Jamaica",2821977,139876331091118,2818596,2022,2818596,266.0,"http://dbpedia.org/resource/Constitutional_monarchy",-1,4
"http://dbpedia.org/resource/Jamaica","Jamaica",10524167,139876331091119,2818596,2022,2818596,266.0,"http://dbpedia.org/resource/Unitary_state",-1,4
"http://dbpedia.org/resource/Japan","Japan",126226568,2020,124214766,2022,124214766,332.0,"http://dbpedia.org/resource/Unitary_state",77,106
"http://dbpedia.org/resource/Jordan","Jordan",9531712,2015,11042719,2021,11042719,114.0,"http://dbpedia.org/resource/Unitary_state",-1,12
"http://dbpedia.org/resource/Kazakhstan","Kazakhstan",0,,19398331,2022,19398331,7.0,"http://dbpedia.org/resource/Unitary_state",29,8
"http://dbpedia.org/resource/Kenya","Kenya",47564296,139876331009263,55864655,2022,55864655,78.0,"http://dbpedia.org/resource/Unitary_state",-1,7
"http://dbpedia.org/resource/Kenya","Kenya",47564296,139876331009263,55864655,2022,55864655,78.0,"http://dbpedia.org/resource/Unitary_state",-1,8
"http://dbpedia.org/resource/Kiribati","Kiribati",1237091,139876331091105,121388,2021,121388,151.9,"http://dbpedia.org/resource/Unitary_state",-1,0
"http://dbpedia.org/resource/Kosovo","Kosovo",,139876331091104,1806279,2022,1806279,159.0,"http://dbpedia.org/resource/Unitary_parliamentary_republic",-1,11
"http://dbpedia.org/resource/Kuwait","Kuwait",385637,139876331091123,4460000,2022,4460000,200.2,"http://dbpedia.org/resource/Unitary_state",-1,2
"http://dbpedia.org/resource/Kuwait","Kuwait",385637,139876331091123,4460000,2022,4460000,200.2,"http://dbpedia.org/resource/Unitary_state",-1,10
"http://dbpedia.org/resource/Kyrgyzstan","Kyrgyzstan",0,0,7000000,2022,7000000,27.4,"http://dbpedia.org/resource/Unitary_state",3,3
"http://dbpedia.org/resource/Laos","Laos",0,,7749595,2022,7749595,26.7,"http://dbpedia.org/resource/Unitary_state",33,40
"http://dbpedia.org/resource/Latvia","Latvia",884887,139876331091120,1842226,2022,1842226,29.6,"http://dbpedia.org/resource/Unitary_parliamentary_republic",-1,22
"http://dbpedia.org/resource/Latvia","Latvia",,139876331091120,1842226,2022,1842226,29.6,"http://dbpedia.org/resource/Unitary_parliamentary_republic",-1,12
"http://dbpedia.org/resource/Lebanon","Lebanon",29389150,139876331091111,5296814,2022,5296814,560.0,"http://dbpedia.org/resource/Unitary_state",-1,12
"http://dbpedia.org/resource/Lebanon","Lebanon",29389150,139876331091111,5296814,2022,5296814,560.0,"http://dbpedia.org/resource/Unitary_state",-1,33
"http://dbpedia.org/resource/Lesotho","Lesotho",2142249,2004,2835988,,12054379,68.09999999999999,"http://dbpedia.org/resource/Unitary_state",-1,4
"http://dbpedia.org/resource/Lesotho","Lesotho",2142249,2004,2835988,,12054379,68.09999999999999,"http://dbpedia.org/resource/Unitary_state",-1,2
"http://dbpedia.org/resource/Liberia","Liberia",561901,139876331091104,5358483,2022,5358483,123.7,"http://dbpedia.org/resource/Unitary_state",38,6
"http://dbpedia.org/resource/Libya","Libya",5670688,139876331091149,7054493,2022,7054493,3.74,"http://dbpedia.org/resource/Unitary_state",-1,52
"http://dbpedia.org/resource/Libya","Libya",5670688,139876331091149,7054493,2022,7054493,3.74,"http://dbpedia.org/resource/Unitary_state",-1,43
"http://dbpedia.org/resource/Lithuania","Lithuania",1699435,139876331091106,2835988,2022,2835988,43.0,"http://dbpedia.org/resource/Unitary_state",-1,28
"http://dbpedia.org/resource/Lithuania","Lithuania",1699435,139876331091106,2835988,2022,2835988,43.0,"http://dbpedia.org/resource/Unitary_state",-1,1
"http://dbpedia.org/resource/Luxembourg","Luxembourg",645397,139876331091154,645397,"January 2022",645397,242.0,"http://dbpedia.org/resource/Unitary_state",-1,9
"http://dbpedia.org/resource/Luxembourg","Luxembourg",645397,139876331091154,645397,"January 2022",645397,242.0,"http://dbpedia.org/resource/Unitary_state",-1,4
"http://dbpedia.org/resource/Madagascar","Madagascar",165595,139876331091109,28172462,2022,28172462,35.2,"http://dbpedia.org/resource/Unitary_state",-1,5
"http://dbpedia.org/resource/Madagascar","Madagascar",165595,139876331091109,28172462,2022,28172462,35.2,"http://dbpedia.org/resource/Unitary_state",-1,4
"http://dbpedia.org/resource/Malawi","Malawi",17563749,2018,20091635,2020,20091635,153.1,"http://dbpedia.org/resource/Unitary_state",30,0
"http://dbpedia.org/resource/Malaysia","Malaysia",32447385,2020,33871431,2022,33871431,98.0,"http://dbpedia.org/resource/Federal_monarchy",-1,15
"http://dbpedia.org/resource/Maldives","Maldives",437535,2014,579330,2022,579330,1102.5,"http://dbpedia.org/resource/Unitary_state",16,2
"http://dbpedia.org/resource/Mali","Mali",19329841,139876331173040,21473764,2022,21473764,11.7,"http://dbpedia.org/resource/Unitary_state",-1,42
"http://dbpedia.org/resource/Mali","Mali",19329841,139876331173040,21473764,2022,21473764,11.7,"http://dbpedia.org/resource/Unitary_state",-1,22
"http://dbpedia.org/resource/Marshall_Islands","Marshall_Islands",53158,139876331009253,61988,2022,61988,293.0,"http://dbpedia.org/resource/Unitary_state",-1,3
"http://dbpedia.org/resource/Mauritania","Mauritania",3537368,2013,13754688,,9413505,3.4,"http://dbpedia.org/resource/Unitary_state",33,3
"http://dbpedia.org/resource/Mauritius","Mauritius",1237091,2011,1265475,2019,1265475,618.24,"http://dbpedia.org/resource/Unitary_parliamentary_republic",-1,1
"http://dbpedia.org/resource/Moldova","Moldova",2804801,139876331091134,2603813,1.01,2603813,85.8,"http://dbpedia.org/resource/Unitary_parliamentary_republic",-1,6
"http://dbpedia.org/resource/Moldova","Moldova",2804801,139876331091134,2603813,1.01,2603813,85.8,"http://dbpedia.org/resource/Unitary_parliamentary_republic",-1,2
"http://dbpedia.org/resource/Monaco","Monaco",37308,2016,38300,2019,38300,18713.0,"http://dbpedia.org/resource/Unitary_state",-1,2
"http://dbpedia.org/resource/Mongolia","Mongolia",15178979,139876331091108,3227863,2020,3227863,2.07,"http://dbpedia.org/resource/Unitary_state",32,1
"http://dbpedia.org/resource/Mongolia","Mongolia",,139876331091108,3227863,2020,3227863,2.07,"http://dbpedia.org/resource/Unitary_state",32,11
"http://dbpedia.org/resource/Montenegro","Montenegro",7186862,139876331091108,620739,2021,620739,45.0,"http://dbpedia.org/resource/Unitary_parliamentary_republic",-1,7
"http://dbpedia.org/resource/Montenegro","Montenegro",7186862,139876331091108,620739,2021,620739,45.0,"http://dbpedia.org/resource/Unitary_parliamentary_republic",-1,6
"http://dbpedia.org/resource/Morocco","Morocco",33848242,139876331091139,36767655,2022,36767655,50.0,"http://dbpedia.org/resource/Unitary_state",-1,1
"http://dbpedia.org/resource/Morocco","Morocco",33848242,139876331091139,36767655,2022,36767655,50.0,"http://dbpedia.org/resource/Unitary_state",-1,48
"http://dbpedia.org/resource/Mozambique","Mozambique",17563749,,31693239,2022,31693239,28.7,"http://dbpedia.org/resource/Unitary_state",20,1
"http://dbpedia.org/resource/Mozambique","Mozambique",17563749,2018,31693239,2022,31693239,28.7,"http://dbpedia.org/resource/Unitary_state",20,16
"http://dbpedia.org/resource/Myanmar","Myanmar",202506,139876331091104,57526449,2022,57526449,70.0,"http://dbpedia.org/resource/Unitary_state",-1,13
"http://dbpedia.org/resource/Namibia","Namibia",2113077,139876331091144,2550226,2020,2550226,3.2,"http://dbpedia.org/resource/Unitary_state",-1,1
"http://dbpedia.org/resource/Nauru","Nauru",10084,139876331009253,10834,2020,10834,480.0,"http://dbpedia.org/resource/Parliamentary_republic_with_an_executive_presidency",-1,2
"http://dbpedia.org/resource/Nepal","Nepal",0,,30666598,2022,30666598,180.0,"http://dbpedia.org/resource/Federal_parliamentary_republic",9,9
"http://dbpedia.org/resource/Nicaragua","Nicaragua",,,6301880,2022,6301880,51.0,"http://dbpedia.org/resource/Unitary_state",37,28
"http://dbpedia.org/resource/Niger","Niger",,139876331091116,24484587,2022,24484587,12.1,"http://dbpedia.org/resource/Unitary_state",-1,14
"http://dbpedia.org/resource/Niger","Niger",277821,139876331091116,24484587,2022,24484587,12.1,"http://dbpedia.org/resource/Unitary_state",-1,5
"http://dbpedia.org/resource/Nigeria","Nigeria",,139876331091106,225082083,2022,225082083,218.0,"http://dbpedia.org/resource/Federation",25,30
"http://dbpedia.org/resource/Nigeria","Nigeria",100209,139876331091106,225082083,2022,225082083,218.0,"http://dbpedia.org/resource/Federation",25,9
"http://dbpedia.org/resource/North_Korea","North_Korea",17574003,,25955138,2022,25955138,212.0,"http://dbpedia.org/resource/Unitary_state",52,7
"http://dbpedia.org/resource/North_Korea","North_Korea",,,25955138,2022,25955138,212.0,"http://dbpedia.org/resource/Unitary_state",52,15
"http://dbpedia.org/resource/Norway","Norway",32447385,139876331091104,5425270,2022,5425270,14.0,"http://dbpedia.org/resource/Unitary_state",-1,45
"http://dbpedia.org/resource/Norway","Norway",32447385,139876331091104,5425270,2022,5425270,14.0,"http://dbpedia.org/resource/Unitary_state",-1,4
"http://dbpedia.org/resource/Oman","Oman",2773479,2010,8492333,,31693239,15.0,"http://dbpedia.org/resource/Unitary_state",-1,7
"http://dbpedia.org/resource/Pakistan","Pakistan",,,242923845,2022,242923845,244.4,"http://dbpedia.org/resource/Federation",51,15
"http://dbpedia.org/resource/Pakistan","Pakistan",10343066,2021,242923845,2022,242923845,244.4,"http://dbpedia.org/resource/Federation",51,44
"http://dbpedia.org/resource/Panama","Panama",20277597,,4337768,2022,4337768,56.0,"http://dbpedia.org/resource/Unitary_state",52,5
"http://dbpedia.org/resource/Panama","Panama",20277597,,4337768,2022,4337768,56.0,"http://dbpedia.org/resource/Unitary_state",52,9
"http://dbpedia.org/resource/Papua_New_Guinea","Papua_New_Guinea",7275324,139876331009253,8935000,2020,8935000,15.0,"http://dbpedia.org/resource/Constitutional_monarchy",-1,1
"http://dbpedia.org/resource/Papua_New_Guinea","Papua_New_Guinea",7275324,139876331009253,8935000,2020,8935000,15.0,"http://dbpedia.org/resource/Unitary_state",-1,2
"http://dbpedia.org/resource/Papua_New_Guinea","Papua_New_Guinea",7275324,139876331009253,8935000,2020,8935000,15.0,"http://dbpedia.org/resource/Unitary_state",-1,1
"http://dbpedia.org/resource/Papua_New_Guinea","Papua_New_Guinea",7275324,139876331009253,8935000,2020,8935000,15.0,"http://dbpedia.org/resource/Constitutional_monarchy",-1,2
"http://dbpedia.org/resource/Paraguay","Paraguay",,,7356409,2022,7356409,18.0,"http://dbpedia.org/resource/Unitary_state",32,31
"http://dbpedia.org/resource/Peru","Peru",2346179,139876331091107,32275736,2022,32275736,23.0,"http://dbpedia.org/resource/Unitary_state",-1,44
"http://dbpedia.org/resource/Peru","Peru",2346179,139876331091107,32275736,2022,32275736,23.0,"http://dbpedia.org/resource/Unitary_state",-1,21
"http://dbpedia.org/resource/Philippines","Philippines",109035343,2020,10353296,,36886474012104,336.0,"http://dbpedia.org/resource/Unitary_state",-1,102
"http://dbpedia.org/resource/Poland","Poland",38036118,2021,5454533,,2603813,122.0,"http://dbpedia.org/resource/Unitary_parliamentary_republic",-1,108
"http://dbpedia.org/resource/Portugal","Portugal",10343066,2021,10352042,2021,10352042,112.2,"http://dbpedia.org/resource/Unitary_state",48,51
"http://dbpedia.org/resource/Qatar","Qatar",1699435,139876331091114,2795484,2020,2795484,176.0,"http://dbpedia.org/resource/Unitary_state",-1,4
"http://dbpedia.org/resource/Qatar","Qatar",1699435,139876331091114,2795484,2020,2795484,176.0,"http://dbpedia.org/resource/Unitary_state",-1,1
"http://dbpedia.org/resource/Republic_of_Macedonia","Republic_of_Macedonia",1210854977,139876331091104,5204411,,5204411,87.0,,-1,15
"http://dbpedia.org/resource/Republic_of_the_Congo","Republic_of_the_Congo",,139876331091108,5546307,2022,5546307,17.0,"http://dbpedia.org/resource/Unitary_state",-1,4
"http://dbpedia.org/resource/Republic_of_the_Congo","Republic_of_the_Congo",4106427,139876331091108,5546307,2022,5546307,17.0,"http://dbpedia.org/resource/Unitary_state",-1,3
"http://dbpedia.org/resource/Romania","Romania",20121641,2011,19038098,2022-01-01,19038098,79.8,"http://dbpedia.org/resource/Unitary_state",35,59
"http://dbpedia.org/resource/Russia","Russia",,139876331091105,0,2022,147182123,8.4,"http://dbpedia.org/resource/Federalism",31,7
"http://dbpedia.org/resource/Russia","Russia",1964036,139876331091107,147182123,2022,147182123,8.4,"http://dbpedia.org/resource/Federalism",31,7
"http://dbpedia.org/resource/Russia","Russia",1964036,139876331091107,147182123,2022,147182123,8.4,"http://dbpedia.org/resource/Federalism",31,60
"http://dbpedia.org/resource/Russia","Russia",10515973,139876331091106,144699673,2022,147182123,8.4,"http://dbpedia.org/resource/Federalism",31,60
"http://dbpedia.org/resource/Russia","Russia",10515973,139876331091106,144699673,2022,147182123,8.4,"http://dbpedia.org/resource/Federalism",31,7
"http://dbpedia.org/resource/Russia","Russia",63182178,139876331091105,0,2022,147182123,8.4,"http://dbpedia.org/resource/Federalism",31,60
"http://dbpedia.org/resource/Rwanda","Rwanda",10515973,2012,12955736,2021,12955736,470.0,"http://dbpedia.org/resource/Unitary_state",21,5
"http://dbpedia.org/resource/Saint_Lucia","Saint_Lucia",165595,139876331091129,184961,2022,184961,299.4,"http://dbpedia.org/resource/Unitary_state",-1,1
"http://dbpedia.org/resource/Samoa","Samoa",202506,139876331173040,11584008,,11584008,70.0,"http://dbpedia.org/resource/Unitary_state",-1,7
"http://dbpedia.org/resource/San_Marino","San_Marino",37308,139876331091104,33600,2021,33600,520.0,"http://dbpedia.org/resource/Unitary_state",-1,2
"http://dbpedia.org/resource/Saudi_Arabia","Saudi_Arabia",417256,139876331091104,11584008,,217240060,15.0,"http://dbpedia.org/resource/Unitary_state",32,24
"http://dbpedia.org/resource/Senegal","Senegal",16624000,139876331009283,17196308,2021,17196308,68.7,"http://dbpedia.org/resource/Unitary_state",-1,7
"http://dbpedia.org/resource/Serbia","Serbia",7186862,2011,6797105,2022,6797105,92.0,"http://dbpedia.org/resource/Unitary_state",-1,26
"http://dbpedia.org/resource/Sierra_Leone","Sierra_Leone",2804801,139876331091110,8692606,2022,8692606,112.0,"http://dbpedia.org/resource/Unitary_state",-1,3
"http://dbpedia.org/resource/Sierra_Leone","Sierra_Leone",2804801,139876331091110,8692606,2022,8692606,112.0,"http://dbpedia.org/resource/Unitary_state",-1,6
"http://dbpedia.org/resource/Singapore","Singapore",,139876331091104,5637000,2022,5637000,7804.0,"http://dbpedia.org/resource/Unitary_state",-1,10
"http://dbpedia.org/resource/Sint_Maarten","Sint_Maarten",727145,139876331091105,41486,2019-01-01,2384246,1221.0,,-1,2
"http://dbpedia.org/resource/Slovakia","Slovakia",5460185,2022,32275736,,108407721,111.0,"http://dbpedia.org/resource/Unitary_parliamentary_republic",-1,24
"http://dbpedia.org/resource/Slovenia","Slovenia",1964036,2002,2108708,2021,2108708,103.0,"http://dbpedia.org/resource/Unitary_parliamentary_republic",33,14
"http://dbpedia.org/resource/Solomon_Islands","Solomon_Islands",727145,139876331091105,13754688,,36767655,18.1,"http://dbpedia.org/resource/Unitary_state",-1,45
"http://dbpedia.org/resource/Somalia","Somalia",,0,17066000,2022,17066000,27.2,"http://dbpedia.org/resource/Federal_parliamentary_republic",12,73
"http://dbpedia.org/resource/South_Africa","South_Africa",51770560,2011,60604992,2022,60604992,42.4,"http://dbpedia.org/resource/Unitary_state",-1,38
"http://dbpedia.org/resource/South_Korea","South_Korea",38036118,139876331091113,51844834,2022,51844834,507.0,"http://dbpedia.org/resource/Unitary_state",-1,26
"http://dbpedia.org/resource/South_Korea","South_Korea",38036118,139876331091113,51844834,2022,51844834,507.0,"http://dbpedia.org/resource/Unitary_state",-1,14
"http://dbpedia.org/resource/South_Sudan","South_Sudan",0,,11544905,2022,11544905,13.33,"http://dbpedia.org/resource/Federal_system",13,13
"http://dbpedia.org/resource/South_Sudan","South_Sudan",0,,11544905,2022,11544905,13.33,"http://dbpedia.org/resource/Federal_system",13,1
"http://dbpedia.org/resource/Spain","Spain",19329841,139876331091115,47163418,2022,47163418,94.0,"http://dbpedia.org/resource/Parliamentary_system",46,244
"http://dbpedia.org/resource/Spain","Spain",2773479,139876331091114,47163418,2022,47163418,94.0,"http://dbpedia.org/resource/Unitary_state",46,242
"http://dbpedia.org/resource/Spain","Spain",2773479,139876331091114,47163418,2022,47163418,94.0,"http://dbpedia.org/resource/Unitary_state",46,2
"http://dbpedia.org/resource/Sri_Lanka","Sri_Lanka",20277597,2012,22156000,2020,22156000,337.7,"http://dbpedia.org/resource/Unitary_state",46,62
"http://dbpedia.org/resource/Sudan","Sudan",33848242,139876331091111,47958856,2022,47958856,21.3,"http://dbpedia.org/resource/Federalism",-1,17
"http://dbpedia.org/resource/Sudan","Sudan",,139876331091111,47958856,2022,47958856,21.3,"http://dbpedia.org/resource/Federalism",-1,23
"http://dbpedia.org/resource/Suriname","Suriname",109035343,139876331091112,632638,2022,632638,3.9,"http://dbpedia.org/resource/Unitary_state",-1,2
"http://dbpedia.org/resource/Suriname","Suriname",109035343,139876331091112,632638,2022,632638,3.9,"http://dbpedia.org/resource/Unitary_state",-1,3
"http://dbpedia.org/resource/Swaziland","Swaziland",7412200,139876331091104,57526449,,217240060,376.0,,-1,0
"http://dbpedia.org/resource/Sweden","Sweden",7275324,139876331091121,10481937,2022-05-31,10481937,25.0,"http://dbpedia.org/resource/Constitutional_monarchy",-1,6
"http://dbpedia.org/resource/Sweden","Sweden",7275324,139876331091122,10481937,2022-05-31,10481937,25.0,"http://dbpedia.org/resource/Unitary_state",-1,46
"http://dbpedia.org/resource/Sweden","Sweden",7275324,139876331091122,10481937,2022-05-31,10481937,25.0,"http://dbpedia.org/resource/Unitary_state",-1,6
"http://dbpedia.org/resource/Sweden","Sweden",7275324,139876331091121,10481937,2022-05-31,10481937,25.0,"http://dbpedia.org/resource/Constitutional_monarchy",-1,46
"http://dbpedia.org/resource/Switzerland","Switzerland",8327126,139876331009268,8636896,2020,8636896,8555541.0,"http://dbpedia.org/resource/Federalism",-1,12
"http://dbpedia.org/resource/Syria","Syria",,,21563800,2022,21563800,118.3,"http://dbpedia.org/resource/Unitary_state",12,57
"http://dbpedia.org/resource/Syria","Syria",0,,21563800,2022,21563800,118.3,"http://dbpedia.org/resource/Unitary_state",12,262
"http://dbpedia.org/resource/Tajikistan","Tajikistan",,,9119347,2022,9119347,48.6,"http://dbpedia.org/resource/Unitary_system",30,5
"http://dbpedia.org/resource/Tanzania","Tanzania",61741120,2022,32275736,,103808319,47.5,"http://dbpedia.org/resource/Unitary_state",47,10
"http://dbpedia.org/resource/The_Bahamas","The_Bahamas",385637,139876331009258,400516,2022,400516,25.21,"http://dbpedia.org/resource/Unitary_state",-1,1
"http://dbpedia.org/resource/The_Bahamas","The_Bahamas",385637,139876331009258,400516,2022,400516,25.21,"http://dbpedia.org/resource/Constitutional_monarchy",-1,1
"http://dbpedia.org/resource/Togo","Togo",645397,139876331091114,8492333,2022,8492333,125.9,"http://dbpedia.org/resource/Unitary_state",-1,2
"http://dbpedia.org/resource/Tonga","Tonga",100209,139876331009173,9749763,,67791400,139.0,"http://dbpedia.org/resource/Unitary_state",-1,0
"http://dbpedia.org/resource/Tunisia","Tunisia",1331824,,11708370,2020,11708370,71.65000000000001,"http://dbpedia.org/resource/Unitary_state",2,14
"http://dbpedia.org/resource/Tunisia","Tunisia",,2021,11708370,2020,11708370,71.65000000000001,"http://dbpedia.org/resource/Unitary_state",2,36
"http://dbpedia.org/resource/Turkey","Turkey",18048628,139876331091105,84680273,2022,84680273,110.0,"http://dbpedia.org/resource/Unitary_state",42,1
"http://dbpedia.org/resource/Turkey","Turkey",18048628,139876331091105,84680273,2022,84680273,110.0,"http://dbpedia.org/resource/Unitary_state",42,212
"http://dbpedia.org/resource/Turkmenistan","Turkmenistan",126226568,2020,5636011,2022,5636011,10.5,"http://dbpedia.org/resource/Unitary_state",32,4
"http://dbpedia.org/resource/Turkmenistan","Turkmenistan",126226568,,5636011,2022,5636011,10.5,"http://dbpedia.org/resource/Unitary_state",32,6
"http://dbpedia.org/resource/Tuvalu","Tuvalu",10645,2017,11900,2021,11900,475.88,"http://dbpedia.org/resource/Unitary_state",-1,0
"http://dbpedia.org/resource/Uganda","Uganda",34634650,2014,,,2795484,157.1,"http://dbpedia.org/resource/Unitary_state",29,38
"http://dbpedia.org/resource/Ukraine","Ukraine",48457102,2001,0,"January 2022",41167336,73.8,"http://dbpedia.org/resource/Unitary_state",28,153
"http://dbpedia.org/resource/Ukraine","Ukraine",48457102,2001,41167336,"January 2022",41167336,73.8,"http://dbpedia.org/resource/Unitary_state",28,153
"http://dbpedia.org/resource/United_Arab_Emirates","United_Arab_Emirates",4106427,139876331091124,9282410,2020,9282410,121.0,"http://dbpedia.org/resource/Federal_monarchy",-1,0
"http://dbpedia.org/resource/United_Kingdom","United_Kingdom",63182178,2011,67791400,2022,67791400,270.7,"http://dbpedia.org/resource/Unitary_state",102,5
"http://dbpedia.org/resource/United_Kingdom","United_Kingdom",63182178,2011,67791400,2022,67791400,270.7,"http://dbpedia.org/resource/Constitutional_monarchy",102,5
"http://dbpedia.org/resource/United_States","United_States",331449281,2020,331893745,2021,331893745,,"http://dbpedia.org/resource/Federalism_in_the_United_States",-1,85
"http://dbpedia.org/resource/Uruguay","Uruguay",3713804,,3407213,2022,3407213,19.8,"http://dbpedia.org/resource/Unitary_state",57,22
"http://dbpedia.org/resource/Uruguay","Uruguay",3713804,,3407213,2022,3407213,19.8,"http://dbpedia.org/resource/Unitary_state",57,8
"http://dbpedia.org/resource/Vanuatu","Vanuatu",272459,2016,307815,2020,307815,19.7,"http://dbpedia.org/resource/Unitary_parliamentary_republic",-1,0
"http://dbpedia.org/resource/Venezuela","Venezuela",20121641,139876331091104,29789730,2022,29789730,33.74,"http://dbpedia.org/resource/Federalism",25,1
"http://dbpedia.org/resource/Venezuela","Venezuela",20121641,139876331091104,29789730,2022,29789730,33.74,"http://dbpedia.org/resource/Federalism",25,41
"http://dbpedia.org/resource/Vietnam","Vietnam",96208984,2019,103808319,2022,103808319,295.0,"http://dbpedia.org/resource/Unitary_state",11,66
"http://dbpedia.org/resource/Yemen","Yemen",,,30984689,2022,30984689,44.7,"http://dbpedia.org/resource/Unitary_state",33,56
"http://dbpedia.org/resource/Yemen","Yemen",,,30984689,2022,30984689,44.7,"http://dbpedia.org/resource/Unitary_state",33,8
"http://dbpedia.org/resource/Zambia","Zambia",437535,2014,19642123,2022,19642123,26.1,"http://dbpedia.org/resource/Unitary_state",8,1
"http://dbpedia.org/resource/Zambia","Zambia",437535,,19642123,2022,19642123,26.1,"http://dbpedia.org/resource/Unitary_state",8,4
"http://dbpedia.org/resource/Zimbabwe","Zimbabwe",15178979,2022,15121004,2022,15121004,39.0,"http://dbpedia.org/resource/Unitary_state",11,1
